.metric,.estimator,.estimate
rsq,standard,0.16873072795638708
ccc,standard,0.2670822389847729
mape,standard,41.923178946755144
rmse,standard,531.5520232517144
