.metric,.estimator,.estimate
rsq,standard,0.19179662112784715
ccc,standard,0.301614214378868
mape,standard,42.131645674653804
rmse,standard,487.29308277350947
